# Moser, Kim & Mansour (1999), Phys. Fluids 11(4), 943-945
# Downloaded from https://turbulence.oden.utexas.edu/data/MKM/chan590/profiles/chan590.means
#                 https://turbulence.oden.utexas.edu/data/MKM/chan590/profiles/chan590.reystress
# Actual Re_tau = 587.19
# Closed channel, lower half (z/delta = 0..1). Reynolds stresses are
# REMAPPED to torChannel axes: reference R_vv (wall-normal) -> ww,
# reference R_ww (spanwise) -> vv, reference R_uv -> uw.
# Normalised by u_tau (stresses by u_tau^2).
z_delta,z_plus,U_plus,uu_plus,vv_plus,ww_plus,uw_plus
0.000000e+00,0.000000e+00,0.000000e+00,7.800300e-28,8.529200e-28,5.417900e-29,-3.411000e-32
7.529800e-05,4.421500e-02,4.423100e-02,3.206100e-04,1.312600e-04,5.247400e-10,-8.364300e-08
3.011800e-04,1.768500e-01,1.769900e-01,5.113600e-03,2.029700e-03,1.289400e-07,-5.416500e-06
6.776200e-04,3.978900e-01,3.981600e-01,2.578500e-02,9.738100e-03,3.091300e-06,-6.283800e-05
1.204500e-03,7.073000e-01,7.075000e-01,8.109600e-02,2.859100e-02,2.816800e-05,-3.610000e-04
1.881900e-03,1.105000e+00,1.104600e+00,1.968300e-01,6.362700e-02,1.494500e-04,-1.407900e-03
2.709500e-03,1.591000e+00,1.588600e+00,4.048200e-01,1.181600e-01,5.590300e-04,-4.272200e-03
3.687400e-03,2.165200e+00,2.157300e+00,7.397900e-01,1.929200e-01,1.634200e-03,-1.080600e-02
4.815300e-03,2.827500e+00,2.806100e+00,1.232100e+00,2.859100e-01,3.975000e-03,-2.366400e-02
6.093000e-03,3.577800e+00,3.527200e+00,1.895700e+00,3.931300e-01,8.387100e-03,-4.592300e-02
7.520500e-03,4.416000e+00,4.307800e+00,2.715700e+00,5.096700e-01,1.580800e-02,-8.024600e-02
9.097400e-03,5.341900e+00,5.130700e+00,3.642800e+00,6.309300e-01,2.720100e-02,-1.279100e-01
1.082300e-02,6.355500e+00,5.974800e+00,4.601400e+00,7.533300e-01,4.344800e-02,-1.881200e-01
1.269900e-02,7.456500e+00,6.817400e+00,5.507900e+00,8.744900e-01,6.526200e-02,-2.580500e-01
1.472200e-02,8.644900e+00,7.637500e+00,6.291500e+00,9.929000e-01,9.312700e-02,-3.335000e-01
1.689500e-02,9.920400e+00,8.417700e+00,6.907300e+00,1.107400e+00,1.272500e-01,-4.099100e-01
1.921500e-02,1.128300e+01,9.145500e+00,7.339000e+00,1.216600e+00,1.675400e-01,-4.832500e-01
2.168300e-02,1.273200e+01,9.814200e+00,7.594000e+00,1.319300e+00,2.135700e-01,-5.506600e-01
2.429800e-02,1.426800e+01,1.042100e+01,7.694300e+00,1.414000e+00,2.646300e-01,-6.104600e-01
2.706000e-02,1.589000e+01,1.096800e+01,7.668400e+00,1.499700e+00,3.197400e-01,-6.620600e-01
2.996900e-02,1.759700e+01,1.145800e+01,7.545600e+00,1.575800e+00,3.777700e-01,-7.056100e-01
3.302400e-02,1.939100e+01,1.189500e+01,7.352900e+00,1.642100e+00,4.375200e-01,-7.417200e-01
3.622400e-02,2.127000e+01,1.228700e+01,7.113200e+00,1.698600e+00,4.977800e-01,-7.712100e-01
3.956900e-02,2.323500e+01,1.263600e+01,6.844800e+00,1.746000e+00,5.574700e-01,-7.949500e-01
4.306000e-02,2.528400e+01,1.295000e+01,6.561900e+00,1.785000e+00,6.155600e-01,-8.138100e-01
4.669400e-02,2.741800e+01,1.323300e+01,6.276300e+00,1.816700e+00,6.712200e-01,-8.286300e-01
5.047200e-02,2.963700e+01,1.348900e+01,5.996600e+00,1.841700e+00,7.237900e-01,-8.401300e-01
5.439300e-02,3.193900e+01,1.372200e+01,5.728200e+00,1.860900e+00,7.728100e-01,-8.489000e-01
5.845600e-02,3.432500e+01,1.393500e+01,5.474600e+00,1.874600e+00,8.179900e-01,-8.553700e-01
6.266100e-02,3.679400e+01,1.413100e+01,5.237600e+00,1.883300e+00,8.591200e-01,-8.599000e-01
6.700700e-02,3.934600e+01,1.431300e+01,5.018300e+00,1.887400e+00,8.961200e-01,-8.628000e-01
7.149400e-02,4.198100e+01,1.448200e+01,4.816600e+00,1.887300e+00,9.290000e-01,-8.643400e-01
7.612000e-02,4.469800e+01,1.464000e+01,4.631800e+00,1.883700e+00,9.579100e-01,-8.646700e-01
8.088600e-02,4.749600e+01,1.478900e+01,4.462500e+00,1.877000e+00,9.830300e-01,-8.638800e-01
8.579000e-02,5.037600e+01,1.493100e+01,4.307600e+00,1.867700e+00,1.004600e+00,-8.621500e-01
9.083200e-02,5.333600e+01,1.506600e+01,4.166200e+00,1.856100e+00,1.022800e+00,-8.596700e-01
9.601100e-02,5.637700e+01,1.519600e+01,4.037100e+00,1.843100e+00,1.038000e+00,-8.566300e-01
1.013300e-01,5.949800e+01,1.532100e+01,3.919400e+00,1.829000e+00,1.050300e+00,-8.532300e-01
1.067800e-01,6.269800e+01,1.544200e+01,3.812500e+00,1.814000e+00,1.059900e+00,-8.496300e-01
1.123600e-01,6.597700e+01,1.556000e+01,3.715800e+00,1.797900e+00,1.067100e+00,-8.459100e-01
1.180800e-01,6.933500e+01,1.567400e+01,3.628300e+00,1.780300e+00,1.072200e+00,-8.419500e-01
1.239300e-01,7.277100e+01,1.578600e+01,3.548600e+00,1.761400e+00,1.075500e+00,-8.376000e-01
1.299100e-01,7.628400e+01,1.589600e+01,3.475300e+00,1.741800e+00,1.077300e+00,-8.328300e-01
1.360300e-01,7.987400e+01,1.600300e+01,3.407100e+00,1.722400e+00,1.077800e+00,-8.276600e-01
1.422700e-01,8.354100e+01,1.611000e+01,3.343600e+00,1.703300e+00,1.076900e+00,-8.221900e-01
1.486400e-01,8.728300e+01,1.621400e+01,3.284500e+00,1.684600e+00,1.074700e+00,-8.164600e-01
1.551500e-01,9.110100e+01,1.631700e+01,3.229100e+00,1.666000e+00,1.071500e+00,-8.104300e-01
1.617800e-01,9.499400e+01,1.641800e+01,3.177300e+00,1.647000e+00,1.067300e+00,-8.040700e-01
1.685300e-01,9.896000e+01,1.651800e+01,3.128700e+00,1.628000e+00,1.062500e+00,-7.974500e-01
1.754100e-01,1.030000e+02,1.661600e+01,3.083200e+00,1.609000e+00,1.056900e+00,-7.906700e-01
1.824200e-01,1.071100e+02,1.671300e+01,3.040700e+00,1.589600e+00,1.050900e+00,-7.838500e-01
1.895400e-01,1.113000e+02,1.680800e+01,3.000800e+00,1.570300e+00,1.044500e+00,-7.770500e-01
1.967900e-01,1.155600e+02,1.690200e+01,2.962600e+00,1.551900e+00,1.037800e+00,-7.701500e-01
2.041600e-01,1.198800e+02,1.699500e+01,2.925500e+00,1.534200e+00,1.031100e+00,-7.629700e-01
2.116500e-01,1.242800e+02,1.708700e+01,2.889400e+00,1.517000e+00,1.024300e+00,-7.555400e-01
2.192600e-01,1.287500e+02,1.717900e+01,2.855000e+00,1.500100e+00,1.017200e+00,-7.480400e-01
2.269900e-01,1.332900e+02,1.726900e+01,2.821600e+00,1.483300e+00,1.009800e+00,-7.405700e-01
2.348300e-01,1.378900e+02,1.735800e+01,2.788500e+00,1.466300e+00,1.002000e+00,-7.331100e-01
2.427900e-01,1.425700e+02,1.744600e+01,2.755300e+00,1.448600e+00,9.938000e-01,-7.255700e-01
2.508600e-01,1.473100e+02,1.753300e+01,2.721800e+00,1.430100e+00,9.854100e-01,-7.179600e-01
2.590500e-01,1.521100e+02,1.762000e+01,2.688500e+00,1.411700e+00,9.768700e-01,-7.102600e-01
2.673500e-01,1.569800e+02,1.770500e+01,2.655400e+00,1.393800e+00,9.681800e-01,-7.024200e-01
2.757500e-01,1.619200e+02,1.778900e+01,2.622300e+00,1.376600e+00,9.593600e-01,-6.943400e-01
2.842700e-01,1.669200e+02,1.787300e+01,2.589300e+00,1.359500e+00,9.504500e-01,-6.860000e-01
2.928900e-01,1.719900e+02,1.795600e+01,2.556800e+00,1.341700e+00,9.415400e-01,-6.775200e-01
3.016200e-01,1.771100e+02,1.803800e+01,2.524200e+00,1.323400e+00,9.326000e-01,-6.689700e-01
3.104600e-01,1.823000e+02,1.812000e+01,2.491100e+00,1.305200e+00,9.236100e-01,-6.603400e-01
3.194000e-01,1.875500e+02,1.820200e+01,2.457700e+00,1.287600e+00,9.145500e-01,-6.516400e-01
3.284400e-01,1.928600e+02,1.828200e+01,2.424100e+00,1.270400e+00,9.054200e-01,-6.429200e-01
3.375800e-01,1.982300e+02,1.836200e+01,2.390200e+00,1.253200e+00,8.962600e-01,-6.342100e-01
3.468300e-01,2.036500e+02,1.844100e+01,2.356200e+00,1.235900e+00,8.870600e-01,-6.254300e-01
3.561700e-01,2.091400e+02,1.852000e+01,2.322200e+00,1.218400e+00,8.778200e-01,-6.165100e-01
3.656100e-01,2.146800e+02,1.859800e+01,2.287700e+00,1.200500e+00,8.685600e-01,-6.075000e-01
3.751400e-01,2.202800e+02,1.867600e+01,2.251900e+00,1.181900e+00,8.592900e-01,-5.984900e-01
3.847700e-01,2.259300e+02,1.875400e+01,2.214800e+00,1.163100e+00,8.498600e-01,-5.894100e-01
3.944900e-01,2.316400e+02,1.883100e+01,2.177100e+00,1.144500e+00,8.401000e-01,-5.802100e-01
4.043000e-01,2.374000e+02,1.890700e+01,2.139300e+00,1.126400e+00,8.298700e-01,-5.709500e-01
4.142000e-01,2.432200e+02,1.898200e+01,2.101700e+00,1.108600e+00,8.192200e-01,-5.617000e-01
4.241900e-01,2.490800e+02,1.905600e+01,2.063700e+00,1.091200e+00,8.083500e-01,-5.523900e-01
4.342700e-01,2.550000e+02,1.912800e+01,2.025200e+00,1.074200e+00,7.973000e-01,-5.429100e-01
4.444300e-01,2.609700e+02,1.919900e+01,1.986100e+00,1.057400e+00,7.860400e-01,-5.332500e-01
4.546700e-01,2.669800e+02,1.926900e+01,1.946300e+00,1.040400e+00,7.746100e-01,-5.235100e-01
4.650000e-01,2.730500e+02,1.933800e+01,1.906200e+00,1.023100e+00,7.630900e-01,-5.136800e-01
4.754100e-01,2.791600e+02,1.940600e+01,1.865800e+00,1.005400e+00,7.514600e-01,-5.037200e-01
4.859000e-01,2.853200e+02,1.947300e+01,1.825200e+00,9.874300e-01,7.396700e-01,-4.936900e-01
4.964600e-01,2.915200e+02,1.953900e+01,1.784800e+00,9.694200e-01,7.278000e-01,-4.836000e-01
5.071000e-01,2.977700e+02,1.960400e+01,1.744800e+00,9.512300e-01,7.158500e-01,-4.733200e-01
5.178200e-01,3.040600e+02,1.966800e+01,1.705300e+00,9.327300e-01,7.038200e-01,-4.628600e-01
5.286000e-01,3.103900e+02,1.973100e+01,1.666100e+00,9.141800e-01,6.917400e-01,-4.523200e-01
5.394600e-01,3.167700e+02,1.979400e+01,1.626900e+00,8.957900e-01,6.797300e-01,-4.417600e-01
5.503900e-01,3.231900e+02,1.985500e+01,1.587400e+00,8.778800e-01,6.678200e-01,-4.311200e-01
5.613800e-01,3.296400e+02,1.991600e+01,1.548000e+00,8.601700e-01,6.560100e-01,-4.203700e-01
5.724400e-01,3.361400e+02,1.997600e+01,1.509400e+00,8.423000e-01,6.443400e-01,-4.095400e-01
5.835700e-01,3.426700e+02,2.003500e+01,1.471700e+00,8.245200e-01,6.328700e-01,-3.986200e-01
5.947600e-01,3.492400e+02,2.009300e+01,1.434600e+00,8.072000e-01,6.216100e-01,-3.876600e-01
6.060100e-01,3.558400e+02,2.014900e+01,1.397900e+00,7.903300e-01,6.105800e-01,-3.768000e-01
6.173200e-01,3.624800e+02,2.020400e+01,1.361700e+00,7.730000e-01,5.998200e-01,-3.660600e-01
6.286800e-01,3.691600e+02,2.025800e+01,1.326000e+00,7.548100e-01,5.893900e-01,-3.552700e-01
6.401000e-01,3.758700e+02,2.031100e+01,1.290800e+00,7.360900e-01,5.792900e-01,-3.443600e-01
6.515800e-01,3.826000e+02,2.036400e+01,1.256100e+00,7.172800e-01,5.694500e-01,-3.333400e-01
6.631100e-01,3.893700e+02,2.041500e+01,1.222400e+00,6.985300e-01,5.597800e-01,-3.222400e-01
6.746900e-01,3.961700e+02,2.046400e+01,1.189500e+00,6.798900e-01,5.502600e-01,-3.109800e-01
6.863200e-01,4.030000e+02,2.051300e+01,1.157300e+00,6.615000e-01,5.408900e-01,-2.995300e-01
6.979900e-01,4.098600e+02,2.056100e+01,1.126200e+00,6.431500e-01,5.316500e-01,-2.879700e-01
7.097200e-01,4.167400e+02,2.060800e+01,1.096000e+00,6.248200e-01,5.224700e-01,-2.764200e-01
7.214800e-01,4.236500e+02,2.065300e+01,1.066500e+00,6.070000e-01,5.133400e-01,-2.649800e-01
7.332900e-01,4.305800e+02,2.069800e+01,1.037100e+00,5.901800e-01,5.042800e-01,-2.536800e-01
7.451300e-01,4.375400e+02,2.074100e+01,1.007800e+00,5.741600e-01,4.953200e-01,-2.423800e-01
7.570200e-01,4.445200e+02,2.078400e+01,9.786000e-01,5.585000e-01,4.864700e-01,-2.310200e-01
7.689400e-01,4.515200e+02,2.082600e+01,9.496300e-01,5.434100e-01,4.777500e-01,-2.196300e-01
7.809000e-01,4.585400e+02,2.086600e+01,9.209200e-01,5.291500e-01,4.692000e-01,-2.081900e-01
7.928900e-01,4.655800e+02,2.090500e+01,8.926800e-01,5.157600e-01,4.608800e-01,-1.966700e-01
8.049100e-01,4.726400e+02,2.094300e+01,8.652100e-01,5.030100e-01,4.528400e-01,-1.851200e-01
8.169600e-01,4.797100e+02,2.097900e+01,8.388900e-01,4.907400e-01,4.451200e-01,-1.735700e-01
8.290400e-01,4.868100e+02,2.101300e+01,8.135400e-01,4.789300e-01,4.377500e-01,-1.620100e-01
8.411400e-01,4.939100e+02,2.104600e+01,7.885600e-01,4.676500e-01,4.307700e-01,-1.504000e-01
8.532700e-01,5.010400e+02,2.107600e+01,7.640200e-01,4.568100e-01,4.242600e-01,-1.387300e-01
8.654200e-01,5.081700e+02,2.110500e+01,7.405900e-01,4.465900e-01,4.182400e-01,-1.270700e-01
8.775900e-01,5.153200e+02,2.113100e+01,7.188000e-01,4.373600e-01,4.127200e-01,-1.155100e-01
8.897800e-01,5.224700e+02,2.115600e+01,6.986900e-01,4.290900e-01,4.077800e-01,-1.040400e-01
9.019800e-01,5.296400e+02,2.117800e+01,6.799400e-01,4.214400e-01,4.035100e-01,-9.262200e-02
9.142000e-01,5.368100e+02,2.119800e+01,6.625200e-01,4.144400e-01,3.999500e-01,-8.116900e-02
9.264400e-01,5.440000e+02,2.121500e+01,6.467300e-01,4.083600e-01,3.970400e-01,-6.964700e-02
9.386800e-01,5.511900e+02,2.123000e+01,6.327800e-01,4.035100e-01,3.947200e-01,-5.806200e-02
9.509300e-01,5.583800e+02,2.124200e+01,6.209900e-01,3.999800e-01,3.929800e-01,-4.642200e-02
9.631900e-01,5.655800e+02,2.125100e+01,6.116500e-01,3.975100e-01,3.917900e-01,-3.476800e-02
9.754600e-01,5.727800e+02,2.125800e+01,6.049900e-01,3.957700e-01,3.910700e-01,-2.313800e-02
9.877300e-01,5.799900e+02,2.126200e+01,6.011200e-01,3.948300e-01,3.906900e-01,-1.154300e-02
1.000000e+00,5.871900e+02,2.126300e+01,5.999000e-01,3.946000e-01,3.905600e-01,0.000000e+00
